"Customer Email","Dev Team Response"
"Hi, I am facing an issue with the login page. It keeps showing an error message.","Thank you for reaching out. We are looking into the issue and will get back to you shortly."
"I need to change my email address associated with my account.","Please provide your current email address and the new email address you would like to use."
"The application crashes when I try to upload a file.","We apologize for the inconvenience. Can you please provide the file size and format?"
"I am unable to reset my password. The reset link is not working.","We have sent you a new password reset link. Please check your email."
"Can you add a feature to export data to Excel?","Thank you for the suggestion. We will consider it for future updates."
"My account has been locked due to multiple failed login attempts.","Your account has been unlocked. Please try logging in again."
"I am experiencing slow performance on the dashboard.","We are working on optimizing the dashboard performance. Thank you for your patience."
"The search function is not returning accurate results.","We are investigating the issue and will update you once it is resolved."
"I need to update my billing information.","Please provide the new billing information, and we will update it for you."
"The app is not compatible with my device.","Can you please provide the device model and OS version?"
"I am getting a 404 error on the reports page.","We are aware of the issue and are working on a fix."
"Can you provide more detailed error messages?","We will work on improving the error messages in the next release."
"I am unable to download the latest version of the app.","Please try downloading the app again from the official website."
"The notifications are not working properly.","We are looking into the issue and will update you once it is resolved."
"I need to change my username.","Please provide the new username you would like to use."
"The app is not saving my preferences.","We are investigating the issue and will update you once it is resolved."
"I am unable to connect to the server.","Please check your internet connection and try again."
"Can you add a dark mode to the app?","Thank you for the suggestion. We will consider it for future updates."
"I am getting an error message when trying to make a payment.","We apologize for the inconvenience. Can you please provide the error message details?"
"The app is not syncing with my calendar.","We are working on resolving the issue. Thank you for your patience."
"I need to delete my account.","Please confirm if you would like to permanently delete your account."
"The app is not displaying correctly on my screen.","Can you please provide the screen resolution and device model?"
"I am unable to upload my profile picture.","Please try uploading a smaller file size and ensure it is in a supported format."
"The app is not sending email notifications.","We are looking into the issue and will update you once it is resolved."
"I need to change my subscription plan.","Please provide the new subscription plan you would like to switch to."
"The app is not recognizing my location.","Please ensure that location services are enabled on your device."
"I am getting a timeout error when trying to access the app.","We are investigating the issue and will update you once it is resolved."
"Can you add a feature to share data with other users?","Thank you for the suggestion. We will consider it for future updates."
"I am unable to log out of the app.","Please try clearing your browser cache and cookies."
"The app is not displaying the correct time zone.","Please check your device settings and ensure the correct time zone is selected."
"I need to contact you to dicuss a issue.","You can see my calendar and add an event using this follwoing link. Thanks for reaching out. https://calendly.com/altriaofficial/30min"
"The app is not loading properly on my browser.","Please try clearing your browser cache and cookies."
"I am getting an error message when trying to register.","We apologize for the inconvenience. Can you please provide the error message details?"
"The app is not compatible with my operating system.","Can you please provide the OS version you are using?"
"I need to change my password.","Please provide your current password and the new password you would like to use."
"The app is not displaying the correct language.","Please check your device settings and ensure the correct language is selected."
"I am unable to access my account.","Please try resetting your password using the 'Forgot Password' link."
"The app is not saving my changes.","We are investigating the issue and will update you once it is resolved."
"I need to update my profile information.","Please provide the new profile information, and we will update it for you."
"The app is not displaying images correctly.","Please try clearing your browser cache and cookies."
"I am getting an error message when trying to update the app.","We apologize for the inconvenience. Can you please provide the error message details?"
"The app is not recognizing my fingerprint.","Please ensure that your device's fingerprint sensor is clean and try again."
"I need to change my payment method.","Please provide the new payment method details, and we will update it for you."
"The app is not displaying notifications.","We are looking into the issue and will update you once it is resolved."
"I am unable to access the settings page.","Please try clearing your browser cache and cookies."
"The app is not displaying the correct currency.","Please check your device settings and ensure the correct currency is selected."
"I need to update my shipping address.","Please provide the new shipping address, and we will update it for you."
"The app is not displaying the correct date format.","Please check your device settings and ensure the correct date format is selected."
"I am getting an error message when trying to submit a form.","We apologize for the inconvenience. Can you please provide the error message details?"
"The app is not displaying the correct user information.","We are investigating the issue and will update you once it is resolved."
"I am unable to view my transaction history.","We are looking into the issue and will update you once it is resolved."
"The app is not sending push notifications.","Please ensure that notifications are enabled in your device settings."
"I need to update my security questions.","Please provide the new security questions and answers."
"The app is not displaying the correct weather information.","We are investigating the issue and will update you once it is resolved."
"I am getting an error message when trying to connect my social media account.","We apologize for the inconvenience. Can you please provide the error message details?"
"The app is not recognizing my voice commands.","Please ensure that your device's microphone is working properly."
"I need to change my delivery preferences.","Please provide the new delivery preferences, and we will update them for you."
"The app is not displaying the correct stock prices.","We are working on resolving the issue. Thank you for your patience."
"I am unable to access the help section.","Please try clearing your browser cache and cookies."
"The app is not displaying the correct map location.","Please ensure that location services are enabled on your device."
"I need to update my emergency contact information.","Please provide the new emergency contact information, and we will update it for you."
"The app is not displaying the correct weather alerts.","We are investigating the issue and will update you once it is resolved."
"I am getting an error message when trying to redeem a coupon.","We apologize for the inconvenience. Can you please provide the error message details?"
"The app is not recognizing my QR code.","Please ensure that your device's camera is working properly."
"I need to change my notification preferences.","Please provide the new notification preferences, and we will update them for you."
"The app is not displaying the correct currency exchange rates.","We are working on resolving the issue. Thank you for your patience."
"I am unable to access the feedback form.","Please try clearing your browser cache and cookies."
"The app is not displaying the correct travel information.","Please ensure that location services are enabled on your device."
"I need to update my travel itinerary.","Please provide the new travel itinerary, and we will update it for you."
"The app is not displaying the correct flight status.","We are investigating the issue and will update you once it is resolved."
"I am getting an error message when trying to book a ticket.","We apologize for the inconvenience. Can you please provide the error message details?"
"The app is not recognizing my barcode.","Please ensure that your device's camera is working properly."
"I need to change my booking preferences.","Please provide the new booking preferences, and we will update them for you."
"The app is not displaying the correct hotel information.","We are working on resolving the issue. Thank you for your patience."
"I am unable to access the booking history.","Please try clearing your browser cache and cookies."
"The app is not displaying the correct restaurant information.","Please ensure that location services are enabled on your device."
"I need to update my dining preferences.","Please provide the new dining preferences, and we will update them for you."
"The app is not displaying the correct menu items.","We are investigating the issue and will update you once it is resolved."
"I am getting an error message when trying to place an order.","We apologize for the inconvenience. Can you please provide the error message details?"
"The app is not recognizing my loyalty card.","Please ensure that your device's camera is working properly."
"I need to change my order preferences.","Please provide the new order preferences, and we will update them for you."
"The app is not displaying the correct delivery status.","We are working on resolving the issue. Thank you for your patience."
"I am unable to access the order history.","Please try clearing your browser cache and cookies."
"The app is not displaying the correct product information.","Please ensure that your device's settings are correct."
"I need to update my product preferences.","Please provide the new product preferences, and we will update them for you."
"The app is not displaying the correct inventory status.","We are investigating the issue and will update you once it is resolved."
"I am getting an error message when trying to add a product to the cart.","We apologize for the inconvenience. Can you please provide the error message details?"
"The app is not recognizing my discount code.","Please ensure that the discount code is entered correctly."
"I need to change my payment preferences.","Please provide the new payment preferences, and we will update them for you."
"The app is not displaying the correct shipping status.","We are working on resolving the issue. Thank you for your patience."
"I am unable to access the shipping history.","Please try clearing your browser cache and cookies."
"The app is not displaying the correct tracking information.","Please ensure that your device's settings are correct."
"I need to update my tracking preferences.","Please provide the new tracking preferences, and we will update them for you."
"The app is not displaying the correct delivery time.","We are investigating the issue and will update you once it is resolved."
"I am getting an error message when trying to track my order.","We apologize for the inconvenience. Can you please provide the error message details?"
"The app is not recognizing my tracking number.","Please ensure that the tracking number is entered correctly."
"I need to change my delivery time preferences.","Please provide the new delivery time preferences, and we will update them for you."